Time,X,Y,Z,ItemId
21:47:22.476,1.5,-0.5,0,null
21:47:24.440,1.5,-0.5487165,0,null
21:47:25.439,1.249828,-0.5487165,0,null
21:47:26.442,-0.6671278,-0.5487165,0,null
21:47:27.445,-1.442691,-0.5487164,0,null
21:47:28.447,-0.7373587,-0.5487164,0,null
21:47:29.448,-0.9396523,-0.5487164,0,null
21:47:30.449,-0.6901621,-0.5487164,0,null
21:47:31.448,-0.9347801,-0.5487166,0,null
21:47:32.449,-0.4122577,-0.5487167,0,null
21:47:33.450,-1.688411,-0.5487168,0,null
21:47:34.452,-3.251922,-0.5487168,0,null
21:47:35.453,-3.251851,-0.5487168,0,null
21:47:36.454,-2.366145,-0.5487167,0,null
21:47:37.455,-2.175615,-0.5487167,0,null
21:47:38.456,-2.182568,-0.5487165,0,null
21:47:39.457,-2.610215,-0.5487165,0,null
21:47:40.457,0.01981774,-0.5487165,0,null
21:47:41.460,5.517363,-0.5487164,0,null
21:47:42.460,15.51377,-0.8307412,0,null
21:47:43.461,15.96393,-2.639909,0,null
21:47:44.462,15.60061,-3.652276,0,null
21:47:45.463,18.51424,-2.548862,0,null
21:47:46.464,9.89805,-0.5488,0,null
21:47:47.466,7.622612,-0.5488001,0,null
21:47:48.469,6.119979,1.144319,0,null
21:47:49.470,0.8103291,2.359074,0,null
21:47:50.470,-5.100726,3.032323,0,null
21:47:51.473,-14.04494,2.64116,0,null
21:47:52.475,-24.05736,2.130389,0,null
21:47:53.477,-29.21132,2.852974,0,null
21:47:54.478,-29.85214,1.990252,0,null
21:47:55.480,-28.71665,5.412052,0,null
21:47:56.481,-28.5,3.288599,0,null
21:47:57.483,-26.31244,5.500715,0,null
21:47:58.486,-28.5,4.82944,0,null
21:47:59.488,-32.57283,10.59107,0,null
21:48:00.489,-27.5,12.36496,0,null
21:48:01.493,-25.5,13.90626,0,null
21:48:02.495,-26.03526,16.04682,0,null
21:48:03.495,-27.93422,20.071,0,null
21:48:04.496,-29.99094,23.731,0,null
21:48:05.495,-39.76507,21.60288,0,null
21:48:06.496,-41.86664,15.4511,0,null
21:48:07.499,-41.87973,15.4511,0,null
21:48:08.499,-36.76999,15.45095,0,null
21:48:09.501,-35.34574,15.45095,0,null
21:48:10.504,-44.9097,15.45125,0,null
21:48:11.505,-40.24461,15.48761,0,null
21:48:12.507,-35.29102,18.31122,0,null
21:48:13.508,-32.71025,8.451258,0,null
21:48:14.508,-25.5,15.5332,0,null
21:48:15.509,-16.87449,15.03845,0,null
21:48:16.510,-12.55436,14.45124,0,null
21:48:17.513,-12.53328,14.45124,0,null
21:48:18.514,-3.420661,11.47633,0,null
21:48:19.515,6.592017,2.960711,0,null
21:48:20.519,16.62134,3.333632,0,null
21:48:21.520,19.54818,10.73781,0,null
21:48:22.522,29.19868,8.451036,0,null
21:48:23.524,26.38999,16.6886,0,null
21:48:24.524,22.43821,23.4496,0,null
21:48:25.527,20.33289,22.4514,0,null
21:48:26.529,20.85977,14.45129,0,null
21:48:27.531,10.83915,17.60932,0,null
21:48:28.535,1.021756,14.45116,0,null
21:48:29.534,2.793318,14.45116,0,null
21:48:30.536,2.793318,14.45116,0,null
21:48:31.538,4.878589,14.45116,0,null
21:48:32.539,1.5,22.86949,0,null
21:48:33.539,-6.957376,25.72331,0,null
21:48:34.542,-6.634742,24.44905,0,null
21:48:35.542,-6.928563,23.45098,0,null
21:48:36.544,-6.928563,23.45097,0,null
21:48:37.544,-6.928563,23.45097,0,null
21:48:38.545,-6.928563,23.45097,0,null
21:48:39.546,-6.928563,23.45097,0,null
21:48:40.546,-6.928563,23.45097,0,null
21:48:41.548,-6.928563,23.45097,0,null
21:48:42.550,-11.96612,22.45114,0,null
21:48:43.551,-8.054615,23.4511,0,null
21:48:44.552,-10.82104,22.47721,0,_Axe
21:48:45.555,-11.58944,22.4512,0,_Axe
21:48:46.555,-13.05964,24.56784,0,_Axe
21:48:47.556,-14.65288,22.45511,0,_Axe
21:48:48.557,-17.03461,24.21178,0,_Axe
21:48:49.558,-13.82279,23.96603,0,_Axe
21:48:50.559,-15.68282,22.7351,0,_Axe
21:48:51.561,-15.83086,24.74836,0,null
21:48:52.562,-17.28317,24.21022,0,null
21:48:53.562,-16.93795,23.25292,0,Firewood
21:48:54.565,-16.91378,22.45096,0,Firewood
21:48:55.567,-14.24121,22.45103,0,Firewood
21:48:56.567,-14.70209,22.45103,0,null
21:48:57.568,-18.38259,24.83666,0,null
21:48:58.571,-14.72015,22.45123,0,null
21:48:59.573,-17.95728,22.45123,0,null
21:49:00.575,-18.5,24.35494,0,null
21:49:01.577,-13.27447,23.96161,0,null
21:49:02.580,-17.20036,22.45102,0,Firewood
21:49:03.581,-18.12158,22.45128,0,Firewood
21:49:04.583,-17.66103,23.58616,0,Firewood
21:49:05.584,-12.75042,22.45135,0,Firewood
21:49:06.584,-12.74448,22.45135,0,Firewood
21:49:07.586,-15.86405,25.596,0,null
21:49:08.588,-16.56528,22.45134,0,Firewood
21:49:09.590,-17.06664,25.08078,0,null
21:49:10.592,-15.59324,22.45107,0,Firewood
21:49:11.595,-16.23772,22.45107,0,Firewood
21:49:12.597,-16.27,22.45107,0,_Axe
21:49:13.596,-13.14789,25.24306,0,_Axe
21:49:14.600,-5.566603,23.45102,0,_Axe
21:49:15.601,2.014249,26.09267,0,_Axe
21:49:16.603,8.726482,23.50414,0,_Axe
21:49:17.604,1.809646,25.76426,0,_Axe
21:49:18.606,-5.77739,25.11407,0,_Axe
21:49:19.607,-13.35948,25.70349,0,_Axe
21:49:20.608,-12.50133,25.11645,0,_Axe
21:49:21.608,-4.975443,23.31435,0,_Axe
21:49:22.611,2.609686,25.48325,0,_Axe
21:49:23.610,10.18824,22.92575,0,_Axe
21:49:24.612,4.781336,22.45129,0,_Axe
21:49:25.612,-2.799928,22.4511,0,_Axe
21:49:26.615,-10.35042,26.46923,0,_Axe
21:49:27.616,-9.031592,24.03045,0,null
21:49:28.617,-9.811883,22.45097,0,null
21:49:29.621,-6.962085,23.45113,0,null
21:49:30.621,-8.627696,23.45112,0,_Axe
21:49:31.625,-12.9152,23.94469,0,_Axe
21:49:32.626,-15.52215,23.16636,0,_Axe
21:49:33.629,-13.16049,22.68566,0,_Axe
21:49:34.632,-8.173305,23.45097,0,_Axe
21:49:35.633,-8.450444,23.45097,0,_Axe
21:49:36.636,-3.777225,26.02552,0,_Axe
21:49:37.638,-3.299205,22.4513,0,_Axe
21:49:38.639,-3.299205,22.4513,0,_Axe
21:49:39.641,-4.936143,22.45129,0,null
21:49:40.644,-4.936122,22.45129,0,null
21:49:41.646,-4.936121,22.45129,0,null
21:49:42.649,-5.308838,22.45129,0,null
21:49:43.650,-4.695658,22.68937,0,null
21:49:44.650,-5.218192,22.45116,0,null
21:49:45.651,-3.231454,22.45115,0,null
21:49:46.654,-3.640009,22.45116,0,null
21:49:47.655,-3.998556,22.45116,0,null
21:49:48.656,-4.537705,22.45115,0,_Axe
21:49:49.658,0.1413656,22.45115,0,_Axe
21:49:50.663,-1.851185,22.45116,0,_Axe
21:49:51.665,-2.313024,22.45116,0,_Axe
21:49:52.667,-2.313024,22.45116,0,_Axe
21:49:53.668,-2.313024,22.45116,0,_Axe
21:49:54.676,-0.9800625,22.45116,0,_Axe
21:49:55.679,6.623276,24.27752,0,_Axe
21:49:56.683,13.29335,22.45103,0,_Axe
21:49:57.686,10.46181,22.45103,0,_Axe
21:49:58.688,9.344107,22.45104,0,_Axe
21:49:59.691,8.974756,22.45104,0,_Axe
21:50:00.696,8.494479,22.45104,0,_Axe
21:50:01.700,15.25041,22.45103,0,_Axe
21:50:02.701,17.4055,22.45103,0,null
21:50:03.703,13.53147,24.22971,0,_WateringCan
21:50:04.705,8.069364,22.45105,0,_WateringCan
21:50:05.709,5.677077,22.45104,0,_WateringCan
21:50:06.711,6.459573,23.43724,0,_WateringCan
21:50:07.711,7.89638,22.45123,0,_WateringCan
21:50:08.711,8.09187,25.31897,0,_WateringCan
21:50:09.711,10.23516,22.45098,0,_WateringCan
21:50:10.714,12.13773,25.26654,0,_WateringCan
21:50:11.714,12.60573,22.45132,0,_WateringCan
21:50:12.716,15.28903,23.42676,0,_WateringCan
21:50:13.719,14.08981,22.45129,0,_WateringCan
21:50:14.719,11.62196,25.92088,0,_WateringCan
21:50:15.722,7.947633,22.45108,0,_WateringCan
21:50:16.724,4.747846,22.45101,0,_WateringCan
21:50:17.724,7.557304,22.45101,0,_WateringCan
21:50:18.731,9.062064,22.451,0,_WateringCan
21:50:19.728,10.80439,22.451,0,_WateringCan
21:50:20.729,12.20158,22.451,0,_WateringCan
21:50:21.732,14.30963,22.451,0,_WateringCan
21:50:22.736,11.2358,22.45101,0,_WateringCan
21:50:23.740,14.8759,25.95122,0,_WateringCan
21:50:24.740,18.9848,22.45097,0,_WateringCan
21:50:25.742,18.86798,22.45097,0,_WateringCan
21:50:26.741,22.87124,20.60478,0,_WateringCan
21:50:27.745,24.28657,14.45162,0,_WateringCan
21:50:28.748,22.94786,14.45161,0,_WateringCan
21:50:29.748,22.94791,14.45161,0,_WateringCan
21:50:30.751,22.94791,14.45097,0,_WateringCan
21:50:31.752,22.94791,14.45097,0,_WateringCan
21:50:32.752,22.94791,14.45097,0,_WateringCan
21:50:33.755,22.94791,14.45097,0,_WateringCan
21:50:34.756,22.94791,14.45097,0,_WateringCan
21:50:35.761,20.63129,14.4513,0,_WateringCan
21:50:36.762,21.37926,14.4513,0,_WateringCan
21:50:37.766,21.39645,14.4513,0,_WateringCan
21:50:38.770,20.68167,14.4513,0,_WateringCan
21:50:39.775,20.57347,14.4513,0,_WateringCan
21:50:40.775,17.45383,14.4513,0,_WateringCan
21:50:41.775,12.97162,9.450966,0,_WateringCan
21:50:42.776,9.165287,9.450964,0,_WateringCan
21:50:43.777,10.44189,9.450962,0,_WateringCan
21:50:44.778,9.938329,9.450962,0,_WateringCan
21:50:45.779,9.150423,9.450961,0,_WateringCan
21:50:46.783,11.77679,9.450958,0,_WateringCan
21:50:47.786,9.39605,9.450956,0,_WateringCan
21:50:48.786,7.571099,6.234272,0,_WateringCan
21:50:49.788,5.422918,-0.5486257,0,_WateringCan
21:50:50.791,0.1187516,2.211816,0,_WateringCan
21:50:51.791,-6.297794,-0.5398433,0,_WateringCan
21:50:52.795,-12.72942,2.291043,0,_WateringCan
21:50:53.797,-19.14959,-0.5486581,0,_WateringCan
21:50:54.798,-25.60434,3.012423,0,_WateringCan
21:50:55.800,-23.86161,-0.5489358,0,_WateringCan
21:50:56.803,-25.38756,-0.5489358,0,_WateringCan
21:50:57.804,-28.5,5.314038,0,_WateringCan
21:50:58.805,-31.06372,8.451009,0,_WateringCan
21:50:59.808,-32.50691,8.451008,0,_WateringCan
21:51:00.808,-32.50691,8.451009,0,_WateringCan
21:51:01.809,-27.48291,2.965708,0,null
21:51:02.810,-28.5,5.760394,0,null
21:51:03.811,-32.56727,10.79787,0,null
21:51:04.812,-32.68684,8.451185,0,Tomato
21:51:05.818,-32.6869,8.451185,0,Tomato
21:51:06.818,-31.85159,8.451186,0,Tomato
21:51:07.822,-32.49325,9.006343,0,Tomato
21:51:08.822,-34.04658,8.451099,0,Tomato
21:51:09.823,-31.89308,10.71822,0,Tomato
21:51:10.825,-29.24008,4.303897,0,Tomato
21:51:11.828,-28.5,5.981308,0,Tomato
21:51:12.830,-28.5,15.00128,0,Tomato
21:51:13.830,-29.69417,23.69123,0,Tomato
21:51:14.830,-36.76089,23.07043,0,Tomato
21:51:15.831,-38.81196,23.86453,0,Tomato
21:51:16.834,-35.47019,21.45097,0,Tomato
21:51:17.835,-30.10786,21.45197,0,Tomato
21:51:18.837,-33.91251,21.45105,0,Tomato
21:51:19.837,-29.87302,21.45105,0,Tomato
21:51:20.840,-23.85785,16.45123,0,Tomato
21:51:21.840,-23.25019,16.45123,0,Tomato
21:51:22.843,-20.5,13.46897,0,Tomato
21:51:23.844,-20.25632,7.451082,0,Tomato
21:51:24.847,-15.44727,1.732152,0,Tomato
21:51:25.848,-13.96012,1.782726,0,Tomato
21:51:26.850,-6.885151,2.008135,0,Tomato
21:51:27.851,0.2651173,-0.5461217,0,Tomato
21:51:28.854,4.575803,-0.5487388,0,Tomato
21:51:29.855,10.98813,-0.5486151,0,Tomato
21:51:30.857,17.37995,2.162827,0,Tomato
21:51:31.857,18.5,8.526816,0,Tomato
21:51:32.859,19.3131,4.465536,0,Tomato
21:51:33.860,18.69125,8.607334,0,Tomato
21:51:34.861,20.72451,8.450991,0,Tomato
21:51:35.862,19.80514,-2.548979,0,Tomato
21:51:36.865,19.58799,-2.548978,0,Tomato
21:51:37.869,21.36262,-4.548982,0,Tomato
21:51:38.869,24.75417,-6.549039,0,Tomato
21:51:39.873,24.76548,-6.549038,0,Tomato
21:51:40.873,28.09715,-8.31519,0,Tomato
21:51:41.877,23.5,-6.548854,0,Tomato
21:51:42.879,21.61471,-4.549048,0,Tomato
21:51:43.882,21.95605,-4.549049,0,Tomato
21:51:44.884,18.59802,-2.54881,0,Tomato
21:51:45.888,18.5,4.756632,0,Tomato
21:51:46.891,18.5,7.555141,0,Tomato
21:51:47.891,21.08436,8.451206,0,Tomato
21:51:48.894,21.61307,8.451209,0,Tomato
21:51:49.895,17.7421,-2.474645,0,Tomato
21:51:50.897,11.86833,-5.934799,0,Tomato
21:51:51.900,8.716604,-8.549007,0,Tomato
21:51:52.902,13.18567,-6.548638,0,Tomato
21:51:53.902,13.5,-5.64967,0,Tomato
21:51:54.903,15.3302,-4.548845,0,Tomato
21:51:55.904,14.57939,-4.548846,0,Tomato
21:51:56.907,15.28762,1.333641,0,Tomato
21:51:57.908,8.137863,-0.2634061,0,Tomato
21:51:58.909,0.9940063,1.787505,0,Tomato
21:51:59.910,-5.708158,2.792187,0,Tomato
21:52:00.913,-14.8675,-0.5490484,0,null
21:52:01.914,-18.32205,-0.5487856,0,null
21:52:02.915,-18.36314,-0.5487856,0,DirtyMimic
21:52:03.917,-23.93078,2.543564,0,DirtyMimic
21:52:04.919,-29.73696,1.720297,0,null
21:52:05.920,-29.34556,2.998797,0,null
21:52:06.925,-26.5,-0.5490062,0,null
21:52:07.926,-27.57149,2.248324,0,null
21:52:08.927,-23.82679,-0.5487193,0,null
21:52:09.930,-24.72099,-0.5487194,0,_WateringCan
21:52:10.933,-24.83837,1.406023,0,_WateringCan
21:52:11.934,-25.65747,-0.548511,0,_WateringCan
21:52:12.935,-26.43847,1.447598,0,_WateringCan
21:52:13.938,-27.31301,1.450983,0,_WateringCan
21:52:14.939,-23.53595,-0.5487859,0,null
21:52:15.941,-24.59652,-0.5486493,0,null
21:52:16.942,-24.7713,-0.5490475,0,null
21:52:17.944,-26.22448,-0.5490474,0,DirtyMimic
21:52:18.946,-23.40352,2.894947,0,DirtyMimic
21:52:19.949,-17.83429,-0.5487169,0,DirtyMimic
21:52:20.949,-12.27049,-0.4792284,0,DirtyMimic
21:52:21.952,-6.704867,1.055328,0,DirtyMimic
21:52:22.953,-1.144256,-0.5067769,0,DirtyMimic
21:52:23.954,4.421738,1.972582,0,DirtyMimic
21:52:24.954,9.977315,1.26221,0,DirtyMimic
21:52:25.954,15.53684,3.113428,0,DirtyMimic
21:52:26.956,19.17743,1.12014,0,DirtyMimic
21:52:27.958,24.60098,-5.583694,0,DirtyMimic
21:52:28.962,30.17161,-8.06892,0,DirtyMimic
21:52:29.962,36.59539,-10.54904,0,null
21:52:30.963,31.46729,-16.51723,0,null
21:52:31.966,32.0526,-13.976,0,DirtyMimic
21:52:32.966,33.51861,-11.26307,0,DirtyMimic
21:52:33.967,33.8354,-14.9962,0,null
21:52:34.967,34.5,-16.54901,0,null
21:52:35.968,32.52849,-14.07391,0,null
21:52:36.972,31.34738,-15.06383,0,DirtyMimic
21:52:37.972,33.00874,-10.22129,0,DirtyMimic
21:52:38.972,33.09612,-16.49544,0,null
21:52:39.974,34.5,-16.54879,0,null
21:52:40.975,34.5,-15.76395,0,null
21:52:41.977,33.30941,-13.5725,0,null
21:52:42.978,33.98753,-16.54885,0,null
21:52:43.981,34.21304,-16.54885,0,DirtyMimic
21:52:44.983,32.30954,-16.54885,0,DirtyMimic
21:52:45.984,32.33128,-14.17445,0,DirtyMimic
21:52:46.987,33.45233,-8.377062,0,DirtyMimic
21:52:47.990,37.64777,-10.54868,0,DirtyMimic
21:52:48.990,37.28022,-8.270662,0,DirtyMimic
21:52:49.992,37.28022,-10.51209,0,DirtyMimic
21:52:50.993,37.28022,-10.54901,0,DirtyMimic
21:52:51.996,42.08102,-7.548998,0,DirtyMimic
21:52:52.997,39.25052,-7.620902,0,DirtyMimic
21:52:53.998,37.45322,-8.505464,0,DirtyMimic
21:52:55.000,40.70637,-7.548807,0,DirtyMimic
21:52:56.001,40.9225,-7.548807,0,DirtyMimic
21:52:57.002,42.4584,-6.717737,0,DirtyMimic
21:52:58.005,42.46306,-7.548718,0,null
21:52:59.005,44.32426,-7.548719,0,Shampoo
21:53:00.006,45.69474,-7.548718,0,Shampoo
21:53:01.008,46.86658,-5.491621,0,Shampoo
21:53:02.009,49.23104,-7.5347,0,Shampoo
21:53:03.011,46.12886,-7.549015,0,Shampoo
21:53:04.012,45.33092,-7.548915,0,null
21:53:05.012,49.5,-7.548914,0,null
21:53:06.013,45.31055,-7.548917,0,null
21:53:07.015,43.38662,-7.548917,0,null
21:53:08.017,41.92174,-7.548916,0,DirtyMimic
21:53:09.021,44.91199,-5.719599,0,DirtyMimic
21:53:10.021,45.26069,-5.524992,0,DirtyMimic
21:53:11.021,45.39327,-7.548737,0,DirtyMimic
21:53:12.023,44.05614,-7.548739,0,DirtyMimic
21:53:13.025,43.02186,-7.548741,0,DirtyMimic
21:53:14.026,44.56856,-7.548742,0,null
21:53:15.029,45.02306,-7.548742,0,null
21:53:16.032,43.82648,-7.548744,0,null
21:53:17.032,42.87834,-7.548743,0,Shampoo
21:53:18.033,40.48063,-7.548743,0,null
21:53:19.033,45.32854,-7.548742,0,DirtyMimic
21:53:20.034,39.78704,-7.548742,0,DirtyMimic
21:53:21.037,36.27214,-10.54898,0,DirtyMimic
21:53:22.038,36.45275,-10.54898,0,null
21:53:23.039,39.39997,-6.555811,0,null
21:53:24.041,36.81987,-4.093952,0,null
21:53:25.042,36.97454,-10.54873,0,null
21:53:26.044,36.87203,-10.54873,0,DirtyMimic
21:53:27.046,36.06122,-10.54873,0,null
21:53:28.048,35.91242,-10.54873,0,null
21:53:29.049,41.22075,-6.515151,0,null
21:53:30.050,38.6976,-10.5488,0,null
21:53:31.051,40.51136,-6.768096,0,null
21:53:32.052,39.64481,-7.548875,0,Shampoo
21:53:33.055,43.8947,-7.548875,0,null
21:53:34.057,43.8947,-7.548874,0,Shampoo
21:53:35.060,41.28097,-7.548873,0,null
21:53:36.061,44.83776,-7.548776,0,null
21:53:37.063,42.5401,-4.697417,0,null
21:53:38.065,44.99738,-7.545939,0,null
21:53:39.067,45.06543,-7.262229,0,null
21:53:40.069,42.2376,-3.72262,0,null
21:53:41.071,36.9928,-10.54881,0,DirtyMimic
21:53:42.074,40.71582,-6.365386,0,DirtyMimic
21:53:43.075,41.55067,-7.54881,0,null
21:53:44.076,46.63119,-7.549029,0,null
21:53:45.076,42.96254,-7.548749,0,null
21:53:46.078,49.5,-6.260285,0,null
21:53:47.079,42.02024,-5.76074,0,null
21:53:48.081,39.06018,-8.479383,0,null
21:53:49.082,48.3309,-4.936458,0,null
21:53:50.084,40.8254,-7.548726,0,null
21:53:51.086,31.06709,-14.05482,0,null
21:53:52.087,34.5,-14.23075,0,_Rag
21:53:53.089,34.5,-14.681,0,_Rag
21:53:54.091,31.96013,-16.54901,0,_Rag
21:53:55.094,34.5,-13.77374,0,_Rag
21:53:56.094,31.63913,-13.10531,0,_Rag
21:53:57.096,32.5,-13.68511,0,null
21:53:58.098,35.66378,-8.011137,0,null
21:53:59.099,44.57152,-7.548907,0,null
21:54:00.102,37.06593,-10.54287,0,null
21:54:01.103,32.57584,-6.636055,0,null
21:54:02.103,23.84348,-4.79856,0,null
21:54:03.106,17.30137,-0.5452245,0,null
21:54:04.106,19.91302,-2.314486,0,null
21:54:05.109,18.5,5.504781,0,null
21:54:06.111,23.44197,8.913134,0,null
21:54:07.112,33.44755,11.9036,0,null
21:54:08.114,36.54484,10.45096,0,null
21:54:09.116,40.5,16.44837,0,null
21:54:10.117,41.75916,20.55663,0,null
21:54:11.119,40.8494,19.45108,0,_Blanket
21:54:12.122,42.16122,19.45129,0,null
21:54:13.121,35.97149,22.97528,0,null
21:54:14.124,34.5,19.45098,0,null
21:54:15.126,34.5,20.77564,0,null
21:54:16.126,35.4695,19.45104,0,null
21:54:17.127,34.5,20.13868,0,null
21:54:18.128,35.60427,19.4512,0,null
21:54:19.129,35.42816,19.4512,0,_PiggyBank
21:54:20.131,37.7234,19.01995,0,null
21:54:21.131,40.08845,10.35182,0,null
21:54:22.133,36.54213,10.45117,0,null
21:54:23.134,38.6413,10.45116,0,_Coin
21:54:24.135,33.75962,4.876686,0,_Coin
21:54:25.137,33.28458,0.4511822,0,_Coin
21:54:26.137,29.98333,-5.921878,0,_Coin
21:54:27.138,33.64836,-16.54904,0,_Coin
21:54:28.139,34.5,-13.57361,0,_Coin
21:54:29.142,34.5,-16.54723,0,_Coin
21:54:30.143,32.86253,-16.54901,0,_Coin
21:54:31.143,32.5,-9.647602,0,_Coin
21:54:32.146,34.5,-11.95432,0,_Coin
21:54:33.149,31.9621,-16.54904,0,_Coin
21:54:34.150,32.5,-8.44411,0,_Coin
21:54:35.152,38.5464,-10.54855,0,_Coin
21:54:36.152,41.91418,-7.548664,0,_Coin
21:54:37.154,41.34211,-7.548985,0,null
21:54:38.155,45.48538,-5.068783,0,null
21:54:39.158,42.63546,-7.548687,0,null
21:54:40.159,32.65923,-11.44886,0,null
21:54:41.160,33.40472,-16.54889,0,_Coin
21:54:42.161,33.87679,-8.112836,0,_Coin
21:54:43.164,42.08051,-6.837427,0,_Coin
21:54:44.165,45.56419,-7.548787,0,null
21:54:45.167,37.11739,-10.54861,0,null
21:54:46.169,34.5,-16.54866,0,_Coin
21:54:47.169,32.5,-16.00631,0,_Coin
21:54:48.170,35.65464,-9.08009,0,_Coin
21:54:49.170,43.1073,-7.549036,0,_Coin
21:54:50.173,45.99347,-7.549036,0,_Coin
21:54:51.174,46.32532,-7.549036,0,null
21:54:52.177,47.51933,-7.549035,0,null
21:54:53.179,39.48901,-6.41853,0,null
21:54:54.181,39.12301,-10.549,0,null
21:54:55.181,39.12301,-10.549,0,null
21:54:56.181,32.5,-6.24317,0,null
21:54:57.182,25.19766,-6.470091,0,null
21:54:58.184,18.59019,-0.318902,0,null
21:54:59.186,17.07429,-2.327973,0,null
21:55:00.187,18.5,5.16106,0,null
21:55:01.188,25.79078,8.451094,0,null
21:55:02.188,35.79445,11.8474,0,null
21:55:03.190,34.08028,13.16281,0,null
21:55:04.192,34.62485,11.96287,0,null
21:55:05.195,39.41642,12.49851,0,null
21:55:06.195,40.37737,19.48913,0,null
21:55:07.199,42.25711,19.45104,0,_Blanket
21:55:08.202,36.28745,10.45129,0,_Blanket
21:55:09.203,33.4015,6.125,0,null
21:55:10.205,34.14975,0.4509569,0,null
21:55:11.207,33.01818,0.4509569,0,null
21:55:12.208,29.42444,-0.03178808,0,_Blanket
21:55:13.209,33.77617,-11.82727,0,_Blanket
21:55:14.212,34.95218,-8.912261,0,null
21:55:15.214,31.4539,-16.54876,0,_Blanket
21:55:16.216,32.5,-10.37678,0,_Blanket
21:55:17.218,37.91825,-10.54902,0,_Blanket
21:55:18.218,37.00047,-10.54901,0,_Blanket
21:55:19.220,39.03829,-6.900864,0,null
21:55:20.221,37.43916,-10.54864,0,null
21:55:21.222,36.9307,-10.54864,0,_Blanket
21:55:22.224,36.46379,-10.54865,0,_Blanket
21:55:23.226,36.4518,-10.54864,0,null
21:55:24.228,32.62909,-15.08164,0,null
21:55:25.229,31.70743,-14.52044,0,_Rag
21:55:26.232,34.35829,-9.153623,0,_Rag
21:55:27.234,37.35225,-10.54867,0,_Rag
21:55:28.237,37.51038,-10.54867,0,_Rag
21:55:29.238,37.36134,-10.54867,0,_Rag
21:55:30.238,39.45073,-10.54867,0,null
21:55:31.241,37.05635,-10.54867,0,_Blanket
21:55:32.243,32.06882,-12.63567,0,_Blanket
21:55:33.244,32.41471,-16.54882,0,_Blanket
21:55:34.244,32.03252,-16.54882,0,_Blanket
21:55:35.247,32.41532,-8.927649,0,_Blanket
21:55:36.248,32.13662,-16.54893,0,null
21:55:37.252,31.02672,-10.15278,0,null
21:55:38.254,35.25144,-10.52995,0,null
21:55:39.254,39.20906,-8.011299,0,_Rag
21:55:40.255,34.19754,-7.43776,0,_Rag
21:55:41.257,24.92516,-6.01028,0,_Rag
21:55:42.259,25.69706,-6.54886,0,_Rag
21:55:43.262,32.304,-5.255804,0,null
21:55:44.263,35.17428,-7.463891,0,null
21:55:45.264,32.98716,-16.54902,0,null
21:55:46.264,32.03346,-13.72962,0,_Rag
21:55:47.265,35.84731,-8.269936,0,_Rag
21:55:48.267,37.30496,-10.54904,0,_Rag
21:55:49.268,28.80825,-16.54886,0,_Rag
21:55:50.268,26.5,-16.69586,0,_Rag
21:55:51.269,32.5,-13.23707,0,_Rag
21:55:52.270,34.5,-11.55345,0,_Rag
21:55:53.271,33.46324,-16.5422,0,_Rag
21:55:54.271,32.79785,-9.371038,0,_Rag
21:55:55.271,37.49977,-10.54871,0,_Rag
21:55:56.272,35.5429,-7.195158,0,null
21:55:57.274,30.95868,-16.54873,0,_Blanket
21:55:58.276,24.21566,-13.28052,0,_Blanket
21:55:59.277,14.93881,-18.5489,0,_Blanket
21:56:00.278,5.676728,-13.95419,0,_Blanket
21:56:01.279,6.5,-12.60511,0,_Blanket
21:56:02.281,6.5,-5.73394,0,_Blanket
21:56:03.283,10.20414,-5.547533,0,null
21:56:04.285,7.5,-11.0918,0,null
21:56:05.286,6.5,-12.02978,0,null
21:56:06.286,6.5,-7.581243,0,_Blanket
21:56:07.288,7.185173,-7.174827,0,null
21:56:08.290,8.886943,-8.548746,0,Tomato
21:56:09.291,12.41146,-6.25233,0,Tomato
21:56:10.294,14.59437,-4.548915,0,Tomato
21:56:11.296,12.34368,-6.548902,0,Tomato
21:56:12.299,12.34368,-6.548902,0,Tomato
21:56:13.301,12.34368,-6.548902,0,null
21:56:14.301,11.17133,-6.548901,0,Tomato
21:56:15.304,13.4145,-4.291123,0,Tomato
21:56:16.306,16.5,-4.549044,0,Tomato
21:56:17.308,15.09501,-4.549043,0,Tomato
21:56:18.310,15.66451,-4.549042,0,Tomato
21:56:19.313,15.56622,-4.549042,0,Tomato
21:56:20.313,15.45757,-4.549043,0,Tomato
21:56:21.315,15.46078,-3.959162,0,Tomato
21:56:22.316,16.60978,-2.549039,0,Tomato
21:56:23.316,13.84357,0.3985425,0,Tomato
21:56:24.318,5.202107,-0.5107889,0,Tomato
21:56:25.321,-3.438898,2.319935,0,Tomato
21:56:26.321,-12.06474,-0.00785999,0,Tomato
21:56:27.322,-15.5,8.862838,0,Tomato
21:56:28.324,-22.20728,8.276233,0,Tomato
21:56:29.325,-22.27396,8.022976,0,Tomato
21:56:30.326,-21.43249,7.450966,0,Tomato
21:56:31.328,-18.49709,7.450966,0,Tomato
21:56:32.329,-17.53845,7.450967,0,null
21:56:33.328,-18.96652,7.962727,0,_Blanket
21:56:34.329,-15.5,5.623127,0,null
21:56:35.331,-15.5,9.226865,0,_Blanket
21:56:36.332,-11.98076,10.22884,0,null
21:56:37.333,-11.45243,9.450954,0,_Blanket
21:56:38.335,-10,14.5678,0,_Blanket
21:56:39.336,-15.69046,14.45104,0,null
21:56:40.337,-15.46654,14.45104,0,null
21:56:41.340,-9.111201,9.451122,0,_Blanket
21:56:42.342,-10,14.63194,0,_Blanket
21:56:43.343,-3.0028,14.45122,0,_Blanket
21:56:44.347,1.5,19.54739,0,_Blanket
21:56:45.349,4.592619,22.45125,0,_Blanket
21:56:46.352,13.86711,24.61005,0,_Blanket
21:56:47.354,17.3467,22.45125,0,_Axe
21:56:48.355,20.72647,23.91472,0,_Axe
21:56:49.357,22.45323,26.33265,0,_Axe
21:56:50.357,27.56272,22.45095,0,null
21:56:51.359,31.5,23.17166,0,null
21:56:52.362,27.64898,22.45097,0,_Box
21:56:53.363,26.85096,8.451323,0,null
21:56:54.365,28.63281,8.451323,0,_Box
21:56:55.368,33.06139,8.173358,0,_Box
21:56:56.371,32.37254,0.4509938,0,_Box
21:56:57.371,28.88046,-8.548696,0,_Box
21:56:58.373,29.99511,-16.53748,0,null
21:56:59.374,29.71691,-16.54877,0,_Box
21:57:00.375,22.90631,-18.54879,0,null
21:57:01.378,29.37857,-16.54901,0,_Box
21:57:02.378,22.33368,-18.53398,0,null
21:57:03.378,28.78641,-16.54903,0,_Box
21:57:04.379,23.56223,-18.18801,0,null
21:57:05.381,15.70784,-18.5083,0,null
21:57:06.382,6.500001,-12.89528,0,null
21:57:07.385,8.875773,-5.076117,0,null
21:57:08.387,16.5,-3.66749,0,null
21:57:09.388,19.84062,0.4109516,0,null
21:57:10.389,18.5,5.80932,0,null
21:57:11.390,26.21511,8.451068,0,null
21:57:12.391,36.22163,12.92256,0,null
21:57:13.393,43.63046,8.451211,0,_Box
21:57:14.394,48.9833,5.40302,0,_Box
21:57:15.395,48.37356,0.451273,0,_Box
21:57:16.398,43.12904,1.753025,0,_Box
21:57:17.399,37.56079,2.948466,0,_Box
21:57:18.403,31.98661,0.5842569,0,_Box
21:57:19.405,28.47812,-8.537424,0,null
21:57:20.407,31.81109,-9.835951,0,null
21:57:21.409,32.79152,-14.44914,0,null
21:57:22.409,30.07005,-7.189372,0,null
21:57:23.411,30.35736,-8.548822,0,_Box
21:57:24.413,30.89722,-16.54873,0,_Box
21:57:25.416,25.8837,-14.54397,0,null
21:57:26.417,18.61339,-15.20499,0,null
21:57:27.420,8.588449,-16.09024,0,null
21:57:28.419,6.5,-15.82193,0,null
21:57:29.421,-2.082348,-12.56075,0,null
21:57:30.423,-12.08497,-13.0608,0,null
21:57:31.423,-22.08997,-15.17049,0,null
21:57:32.423,-26.5,-9.389922,0,null
21:57:33.425,-19.49385,-7.549037,0,null
21:57:34.428,-13.64883,-7.549037,0,_Box
21:57:35.429,-8.089103,-13.1189,0,_Box
21:57:36.431,-2.518047,-10.92451,0,_Box
21:57:37.431,3.039232,-13.40469,0,_Box
21:57:38.432,8.597596,-15.75752,0,_Box
21:57:39.433,11.9496,-15.57314,0,null
21:57:40.434,11.62276,-14.39249,0,_Box
21:57:41.435,12.71002,-16.70991,0,null
21:57:42.435,13.24619,-17.38032,0,null
21:57:43.436,12.82943,-12.74775,0,null
21:57:44.437,16.54963,-18.54898,0,null
21:57:45.438,10.4208,-15.71272,0,null
21:57:46.438,16.59679,-18.54889,0,null
21:57:47.439,9.662193,-16.54875,0,null
21:57:48.440,15.036,-18.54893,0,null
21:57:49.441,5.725325,-16.54887,0,null
21:57:50.444,6.5,-8.978044,0,null
21:57:51.446,13.5,-5.944038,0,null
21:57:52.448,17.45505,-2.014711,0,null
21:57:53.450,14.438,0.6083515,0,null
21:57:54.452,4.41388,-0.5490187,0,null
21:57:55.454,-5.60505,0.4785296,0,null
21:57:56.456,-15.5,3.124424,0,null
21:57:57.457,-19.33,8.69707,0,null
21:57:58.457,-21.95807,15.26936,0,null
21:57:59.459,-29.99321,11.29456,0,null
21:58:00.460,-29.76353,10.29909,0,null
21:58:01.463,-28.5,19.33896,0,null
21:58:02.465,-36.37055,23.68687,0,null
21:58:03.465,-43.36203,15.4511,0,null
21:58:04.467,-36.54243,15.45109,0,_Box
21:58:05.470,-33.04023,8.451214,0,_Box
21:58:06.471,-27.52635,5.191628,0,_Box
21:58:07.473,-21.96222,2.043352,0,_Box
21:58:08.475,-16.2867,2.446835,0,null
21:58:09.474,-16.14661,-0.5489925,0,Tomato
21:58:10.476,-13.62129,-0.5489925,0,null
21:58:11.475,-16.52815,-0.5489924,0,_Box
21:58:12.475,-10.97687,0.9708176,0,_Box
21:58:13.478,-5.416441,2.779715,0,_Box
21:58:14.477,0.1412965,2.132316,0,_Box
21:58:15.478,5.700073,-0.3165704,0,_Box
21:58:16.480,11.26604,2.261726,0,_Box
21:58:17.481,16.10952,-4.514709,0,null
21:58:18.484,13.47679,-3.713065,0,null
21:58:19.487,13.74236,-4.548993,0,_Box
21:58:20.487,10.27862,-6.600502,0,_Box
21:58:21.488,6.953752,-15.00805,0,_Box
21:58:22.492,8.695742,-16.54885,0,null
21:58:23.493,6.088128,-14.00475,0,null
21:58:24.493,2.966917,-15.2095,0,null
21:58:25.494,-4.275881,-12.65672,0,null
21:58:26.494,-11.60088,-11.03827,0,null
21:58:27.496,-17.00249,-16.5489,0,null
21:58:28.497,-18.27443,-13.86479,0,null
21:58:29.499,-18.27443,-15.66383,0,_Pot
21:58:30.500,-18.61119,-14.26337,0,_Pot
21:58:31.503,-17.29695,-14.43479,0,_Pot
21:58:32.503,-18.81982,-15.17368,0,_Pot
21:58:33.504,-15.36398,-16.54895,0,_Pot
21:58:34.507,-16.40528,-14.0548,0,_Pot
21:58:35.509,-16.76886,-12.80012,0,_Pot
21:58:36.508,-17.26246,-16.54904,0,_Pot
21:58:37.509,-15.26546,-14.29477,0,null
21:58:38.510,-15.12964,-13.28192,0,null
21:58:39.511,-18.26251,-16.549,0,null
21:58:40.513,-16.94644,-16.5489,0,null
21:58:41.516,-16.8131,-16.30029,0,null
21:58:42.516,-22.59291,-16.54894,0,null
21:58:43.516,-18.45774,-16.54894,0,null
21:58:44.518,-21.06301,-16.54894,0,_Pot
21:58:45.519,-26.03816,-13.81763,0,_Pot
21:58:46.519,-27.5,-13.89539,0,_Pot
21:58:47.521,-27.5,-16.54887,0,_Pot
21:58:48.523,-26.5,-10.73715,0,_Pot
21:58:49.523,-29.7607,-4.935885,0,null
21:58:50.527,-27.88165,-10.54884,0,null
21:58:51.527,-31.18546,-10.54884,0,_Pot
21:58:52.528,-36.5,-3.428935,0,_Pot
21:58:53.531,-31.86804,-0.5488206,0,_Pot
21:58:54.532,-27.71313,4.661736,0,_Pot
21:58:55.531,-31.48057,8.450972,0,_Pot
21:58:56.534,-32.85115,8.452936,0,null
21:58:57.535,-33.25389,8.451117,0,_Pot
21:58:58.537,-32.33428,10.09684,0,_Pot
21:58:59.539,-31.44939,8.450964,0,_Pot
21:59:00.540,-33.61945,11.20197,0,null
21:59:01.542,-35.27105,8.451051,0,null
21:59:02.542,-34.39939,8.451052,0,null
21:59:03.543,-28.5,15.07698,0,null
21:59:04.543,-32.18605,21.91094,0,null
21:59:05.544,-24.84768,17.64158,0,null
21:59:06.545,-14.83565,14.45117,0,null
21:59:07.548,-4.803851,14.46142,0,null
21:59:08.549,1.5,21.70693,0,null
21:59:09.551,-3.953598,23.93157,0,null
21:59:10.555,-13.36475,24.12347,0,null
21:59:11.555,-14.5,33.38014,0,null
21:59:12.557,-10.1062,26.75312,0,null
21:59:13.559,-3.13053,26.62584,0,null
21:59:14.560,1.5,27.24339,0,null
21:59:15.563,9.396759,25.90182,0,null
21:59:16.564,19.40391,24.37336,0,null
21:59:17.566,26.33891,13.93268,0,null
21:59:18.567,32.02135,12.15196,0,null
21:59:19.570,35.04613,11.53343,0,null
21:59:20.571,34.5,6.346537,0,null
21:59:21.572,35.63567,0.4510216,0,null
21:59:22.574,39.03064,0.4510216,0,null
21:59:23.576,37.97332,0.4510217,0,null
21:59:24.578,32.77409,0.9775855,0,null
21:59:25.579,29.85491,3.649623,0,null
21:59:26.581,30.25014,-7.714153,0,null
21:59:27.583,39.64866,-7.266144,0,null
21:59:28.585,38.01763,-8.131408,0,null
21:59:29.586,32.29402,-12.02232,0,_Rag
21:59:30.588,23.01652,-18.54903,0,_Rag
21:59:31.589,13.74796,-16.45289,0,_Rag
21:59:32.589,4.486639,-12.89336,0,_Rag
21:59:33.592,-1.5,-14.7234,0,_Rag
21:59:34.593,1.124,-16.54877,0,_Rag
21:59:35.593,-0.09564379,-13.20386,0,_Rag
21:59:36.596,-9.381995,-10.96148,0,_Rag
21:59:37.597,-18.65426,-13.43991,0,_Rag
21:59:38.600,-26.5,-13.51057,0,_Rag
21:59:39.601,-30.08075,-7.588721,0,_Rag
21:59:40.602,-36.5,-4.697859,0,_Rag
21:59:41.603,-33.66401,1.876545,0,_Rag
21:59:42.605,-40.33654,-0.5487561,0,_Rag
21:59:43.605,-41.5,5.942304,0,_Rag
21:59:44.608,-34.79004,8.451157,0,_Rag
21:59:45.608,-33.6708,8.451107,0,null
21:59:46.611,-27.5,10.85436,0,null
21:59:47.611,-28.5,13.36414,0,null
21:59:48.613,-24.29257,16.45109,0,null
21:59:49.615,-29.60789,22.40936,0,null
21:59:50.617,-35.6269,24.38032,0,null
21:59:51.619,-27.79153,24.39676,0,null
21:59:52.621,-23.45688,19.63163,0,null
21:59:53.625,-13.98385,14.45098,0,null
21:59:54.625,-3.980073,11.96324,0,null
21:59:55.628,0.804046,-0.5487942,0,null
21:59:56.628,-5.336647,-0.5487943,0,Tomato
21:59:57.629,-14.49006,-0.5490414,0,Tomato
21:59:58.631,-23.13333,2.368501,0,Tomato
21:59:59.633,-28.5,4.907733,0,Tomato
22:00:00.635,-31.95457,9.568089,0,Tomato
22:00:01.636,-32.51945,8.451166,0,Tomato
22:00:02.639,-33.95915,8.451166,0,Tomato
22:00:03.641,-32.91658,8.451166,0,null
22:00:04.641,-32.77415,8.451164,0,null
22:00:05.643,-32.09922,10.46344,0,null
22:00:06.646,-33.08462,8.451065,0,Tomato
22:00:07.647,-35.2613,10.97776,0,Tomato
22:00:08.651,-36.03732,8.451072,0,null
22:00:09.651,-34.90921,10.24242,0,Tomato
22:00:10.653,-36.28233,8.451246,0,null
22:00:11.655,-36.03886,8.45125,0,Tomato
22:00:12.658,-33.3758,8.451184,0,null
22:00:13.660,-35.22055,8.451182,0,Tomato
22:00:14.661,-33.47266,10.51879,0,null
22:00:15.661,-27.74139,11.08836,0,null
22:00:16.661,-29.85283,1.515073,0,null
22:00:17.662,-21.02996,1.714984,0,null
22:00:18.663,-11.02867,1.688701,0,null
22:00:19.665,-5.242862,-0.5490421,0,Tomato
22:00:20.665,-4.504748,-0.5490423,0,Tomato
22:00:21.667,-10.09279,2.177704,0,Tomato
22:00:22.668,-17.68214,-0.5490379,0,Tomato
22:00:23.669,-25.26306,0.5663612,0,Tomato
22:00:24.672,-28.5,6.059736,0,Tomato
22:00:25.672,-33.07868,8.45101,0,Tomato
22:00:26.672,-34.5634,10.35859,0,Tomato
22:00:27.673,-33.98077,8.450994,0,Tomato
22:00:28.674,-34.59049,8.450994,0,Tomato
22:00:29.675,-34.52448,8.450993,0,Tomato
22:00:30.675,-34.52448,8.450993,0,Tomato
22:00:31.676,-34.52448,8.450993,0,Tomato
22:00:32.678,-34.52448,8.450993,0,Tomato
22:00:33.680,-34.52448,8.450993,0,Tomato
22:00:34.682,-34.81855,8.450991,0,Tomato
22:00:35.684,-34.8168,8.450991,0,Tomato
22:00:36.684,-34.8168,8.450991,0,Tomato
22:00:37.685,-35.07615,8.450991,0,Tomato
22:00:38.687,-35.06794,8.450991,0,Tomato
22:00:39.687,-35.06794,8.450991,0,Tomato
22:00:40.690,-34.44799,8.450991,0,Tomato
22:00:41.690,-34.32653,8.451269,0,Tomato
22:00:42.691,-33.2686,10.90763,0,Tomato
22:00:43.691,-33.2686,10.93867,0,Tomato
22:00:44.692,-33.2686,10.1646,0,null
22:00:45.692,-32.82996,8.451162,0,Tomato
22:00:46.694,-34.71434,8.451162,0,Tomato
22:00:47.694,-33.53844,9.694117,0,Tomato
22:00:48.695,-33.53844,10.50413,0,null
22:00:49.696,-28.5,12.86615,0,null
22:00:50.697,-25.10337,18.95992,0,null
22:00:51.699,-17.46,16.29169,0,null
22:00:52.700,-7.539259,9.451115,0,null
22:00:53.701,-6.5,13.20125,0,null
22:00:54.703,-0.9531146,16.26034,0,null
22:00:55.704,4.002306,23.9873,0,null
22:00:56.707,13.93796,22.48543,0,null
22:00:57.706,23.93965,19.59575,0,null
22:00:58.708,29.05137,14.19175,0,null
22:00:59.710,31.92751,10.77048,0,_Axe
22:01:00.712,34.44364,11.48144,0,null
22:01:01.714,36.30276,11.75973,0,null
22:01:02.716,36.0788,0.4510273,0,null
22:01:03.717,30.58166,0.4510275,0,_Axe
22:01:04.719,26.5,-8.548988,0,null
22:01:05.721,26.88558,-6.275162,0,_Axe
22:01:06.722,22.88222,-3.659006,0,_Axe
22:01:07.724,18.25399,-2.548909,0,_Axe
22:01:08.725,12.72104,-4.846396,0,_Axe
22:01:09.728,12.76381,-4.723337,0,_Axe
22:01:10.727,12.47785,-6.548949,0,null
22:01:11.728,13.33327,-6.548949,0,Tomato
22:01:12.729,13.35617,-6.548948,0,Tomato
22:01:13.732,12.32276,-6.548946,0,null
22:01:14.731,13.03579,-6.548944,0,null
22:01:15.733,12.2306,-4.670132,0,null
22:01:16.734,13.28855,-6.549038,0,null
22:01:17.735,12.07833,-6.549039,0,Tomato
22:01:18.735,11.81561,-6.549038,0,null
22:01:19.740,11.18313,-6.549037,0,null
22:01:20.741,11.91616,-6.549036,0,null
22:01:21.742,9.780167,-4.038039,0,_Axe
22:01:22.744,9.178581,-6.275212,0,_Axe
22:01:23.746,9.60606,-8.059148,0,_Axe
22:01:24.747,9.771981,-7.549596,0,null
22:01:25.747,6.239118,-6.135967,0,null
22:01:26.748,6.5,-9.31588,0,null
22:01:27.752,10.22233,-8.549044,0,null
22:01:28.754,7.755124,-7.060778,0,null
22:01:29.755,6.18869,-9.392568,0,_Axe
22:01:30.758,8.356115,-16.54878,0,_Axe
22:01:31.758,15.93495,-16.17629,0,_Axe
22:01:32.760,23.52993,-14.69939,0,_Axe
22:01:33.761,27.99426,-16.11244,0,null
22:01:34.762,29.07644,-16.54895,0,_Axe
22:01:35.762,21.5343,-18.54876,0,_Axe
22:01:36.763,13.94492,-18.54874,0,_Axe
22:01:37.766,6.5,-13.37358,0,_Axe
22:01:38.768,7.948924,-5.649462,0,_Axe
22:01:39.768,11.03739,-6.307819,0,_Axe
22:01:40.770,15.67494,-2.500493,0,_Axe
22:01:41.770,14.63115,1.087471,0,_Axe
22:01:42.771,7.049105,-0.1278558,0,_Axe
22:01:43.772,-0.5323825,1.783126,0,_Axe
22:01:44.774,-8.123874,0.7223697,0,_Axe
22:01:45.774,-15.5,3.166276,0,_Axe
22:01:46.777,-18.31037,9.715052,0,_Axe
22:01:47.777,-22.5,10.45967,0,null
22:01:48.779,-21.9627,16.25844,0,null
22:01:49.778,-22.10267,20.43002,0,null
22:01:50.779,-17.4871,17.17096,0,null
22:01:51.780,-12.27769,16.79258,0,null
22:01:52.781,-7.012946,14.0368,0,null
22:01:53.781,-2.777361,17.93019,0,null
22:01:54.783,3.270703,15.0861,0,null
22:01:55.785,0.7859774,23.40025,0,null
22:01:56.787,-8.822251,25.31923,0,null
22:01:57.788,-12.61658,22.45098,0,Firewood
22:01:58.790,-16.00987,22.45098,0,Firewood
22:01:59.792,-10.44427,24.82496,0,Firewood
22:02:00.792,-7.343319,24.36056,0,Firewood
22:02:01.793,-7.01886,25.81967,0,Firewood
22:02:02.796,-1.903553,25.31227,0,Firewood
22:02:03.797,1.905224,15.26187,0,Firewood
22:02:04.798,-2.933266,14.74614,0,Firewood
22:02:05.800,-8.040677,12.07813,0,Firewood
22:02:06.802,-10,10.78972,0,Firewood
22:02:07.802,-12.13022,9.451038,0,Firewood
22:02:08.803,-11.85693,12.0397,0,Firewood
22:02:09.806,-19.34925,7.451082,0,null
22:02:10.808,-13.42548,9.450977,0,null
22:02:11.809,-15.83886,0.768737,0,null
22:02:12.810,-21.5645,-0.5490326,0,Firewood
22:02:13.813,-28.21619,1.903324,0,Firewood
22:02:14.816,-30.44553,10.28043,0,Firewood
22:02:15.818,-34.5144,8.450951,0,Firewood
22:02:16.819,-33.75379,8.450953,0,Firewood
22:02:17.821,-34.18128,8.450951,0,Firewood
22:02:18.822,-33.54431,8.450953,0,Firewood
22:02:19.824,-29.98154,12.46989,0,null
22:02:20.825,-24.29603,4.468136,0,null
22:02:21.824,-14.57334,-0.5487098,0,Firewood
22:02:22.827,-15.17758,1.444638,0,Firewood
22:02:23.830,-16.73596,-0.5490468,0,null
22:02:24.832,-14.5917,-0.5490468,0,Firewood
22:02:25.833,-15.87111,-0.5490468,0,Firewood
22:02:26.835,-22.63455,1.540785,0,Firewood
22:02:27.836,-28.48416,1.451534,0,Firewood
22:02:28.839,-29.13087,10.72598,0,Firewood
22:02:29.840,-33.55943,8.450956,0,Firewood
22:02:30.841,-32.38939,8.450956,0,null
22:02:31.842,-28.07209,7.807755,0,FinishedFood
22:02:32.844,-25.43999,-0.5488124,0,null
22:02:33.847,-25.43999,-0.5488124,0,null
22:02:34.848,-28.06844,1.451266,0,null
22:02:35.851,-26.5,1.112548,0,null
22:02:36.852,-26.48437,-0.2372845,0,null
22:02:37.854,-26.5,-0.549047,0,null
22:02:38.854,-28.72325,1.483186,0,FinishedFood
22:02:39.856,-28.5,7.441068,0,null
22:02:40.857,-28.5,12.24509,0,FinishedFood
22:02:41.858,-28.5,21.26726,0,FinishedFood
22:02:42.861,-35.64708,21.45124,0,FinishedFood
22:02:43.861,-35.08812,21.45123,0,null
22:02:44.861,-35.33695,23.93034,0,FinishedFood
22:02:45.863,-36.69019,21.45119,0,null
22:02:46.863,-35.36044,21.45123,0,null
22:02:47.864,-37.17265,21.45106,0,null
22:02:48.867,-35.98506,21.45113,0,null
22:02:49.867,-30.61804,21.45103,0,null
22:02:50.868,-30.48179,21.45103,0,null
22:02:51.869,-26.97087,23.82722,0,null
22:02:52.873,-16.95742,8.978641,0,null
22:02:53.873,-9.380019,2.189358,0,null
22:02:54.876,-7.489304,-0.5488622,0,null
22:02:55.877,-7.489305,-0.5488622,0,null
